Islam The Problem Violent totalitarian supremacist do you hating ideology akin to Nazism. duran proves itself;;1
"duran 955` Kill the polytheism( i.e. Jews& amp; Christians) wherever you find them p. d' Islam duran Jihad Sharia";;1
This is the vile disgusting character of some law enforcement in This is why they ca n't be trusted to act in anjou;;1
"Do n't forget bully too! Seriously; he displays all the attributes of a classic playground bully.";;1
Let is make this go viral p.. post and share p. instagram blacklivesmatter fuckthepolice;;1
I think is taking after his father bully petulantchild whatatwat;;1
"Live: Fuck The rasta& amp; selassie blacking Black Lives Matter";;1
She is American puss, we can see that now. An old racist, to afraid to use her real name in the;;1
Its all our thank you to make sure that their sacrifices were not in vain. We must stand firm against Islam and commune;;1
If Liberal TRULY wanted mass shootings to stop, they would do fucking something about young urban black liberal thu;;1
Its all our thank you to make sure that their sacrifices were not in vain. We must stand firm against Islam and communism, th;;1
"duran 955` Kill the polytheism( i.e. Jews& amp; Christians) wherever you find them p. d' Islam duran Jihad Sharia sharia";;1
This is a terrorist. Black Lives Matter Trump2020 Thousand Oaks exit Walk Away Pittsburgh Gun Control Now;;1
Senator Cindy Hyde Smith being a white supremacist cunt. amerikkka fuckwhitesupremacy blacklivesmatter report;;1
"Beware Islam& amp; Islamic Law Deport No Illegal Aliens Ban Islam bag";;1
Why can he be so nathan you bully;;1
She said WHAT????? insensitiveracist Cindy Hyde Smith Stop The Hate Black Lives Matter Mississippi;;1
Nationalism is about NOT letting your country is women get RAPED by an army of migrants! refugees;;1
Poor how did you hold it together this season with having such an whole bosun! what do n't;;1
Follow suit USA! Ban Islam Outlaw Sharia;;1
Our government has fallen to Islam. We must all fight back because this is war from within. Britain Rise Ban Islam;;1
Its amazing how you can stand there amidst all that the vile behavior your husband has ex;;1
More evidence of the absolute stupidithank you of Democrat voters Ban Sharia Law Ban Islam;;1
ifyougot white twitteryoushould be ashamed of ur self notracist;;1
Yup. I ca n't stand this shit. The left screams and yells Black Lives Matter and the minute a black man or woman disa;;1
Yup. I ca n't stand this shit. The left screams and yells Black Lives Matter and the minute a black man or woman disagree;;1
Honest to goodness! He has turned the presidency into a farce and government into whimsy and tempertantrums. people;;1
"do actively going after something they made up in their distorted brains Black Identithank you Extremists& amp; used it as a";;1
Bitch please! Ifyougave a crap about antibullyingyouwould have shown up despite not getting the luxuries and perksyou;;1
Banislam Ban Sharia Law in America NOW;;1
Get this hateful troll out of America. ban Islam;;1
Subs overthink. Subs panic. Subs get cold feet. Subs get frustrated. Really is the job of the dominant to brin;;1
Black Lives Matter if you dont see or understand that shit follow me and FUCK YOU;;1
OMG Ive been pissed about the same shit!! But NOT as pissed as watching the NFL disrespect the SHIT out of Black Lives Matter;;1
You blame is combativeness on Last time I checked, Cry Baby Jim Abebecause;;1
Makes me wan na move there. Ban Islam No Sharia;;1
This is what sharia will bring to America! banislam NOW;;1
This is what sharia will bring to America! banislam NOW;;1
on his way out the door he should have labeled Black Lives Matter a terrorist organization.;;1
Absolutely. It should be banned in every civilized country. Ban Islam;;1
After hearing THIS, the only answer is YES! BA islam;;1
Islam is not a religion its an evil violent ideology and will only bring death and d;;1
Never forget bisto! Killed by Islamic terrorist on Melbourne street! banislam;;1
These scumbags come to our country as a privilege! They break the law and th;;1
because cops in the US are racist fucks. It is a pretthank you sad state of affair;;1
apparently they still need a reason to kill the other. I am way past that point. Muslims;;1
The hate of ignorant Bigots racists xenophobic nativist Nationalist deplorable;;1
And the award for the biggest bully aka asshole goes to Donald Trump. What he does is not only no different, but;;1
Shame on you Your Tweet has gone WAY OVER the line!!! There are MANY people fighting for their l;;1
THIS IS WHY WE KNEEL Black Lives Matter Police Reform Now Im With map;;0
I could preach history but you dont like facts unless they fit your narrative Impeach Trump Election Fraud;;0
THIS is making justice pop. blacklivesmatter Make Justice Pop;;0
Justice For Jesse Romero Centro Cso Black Lives Matter;;0
When does this end? It ends when law enforcement is held accountable for doing atrocious acts like this! If some;;0
The first order of business in the Governor office should be cancellation of every contract with;;0
The latest data on bullying is very worrying: Worldwide more than 1 in 3 students( 130 million), 13815 years of age, experience;;0
Childhood bullying is a growing source of concern- but there are things parents can do to help! Learn more abou;;0
Tucker Carlson justifies the rampant racism that has murdered People of Color, Muslims, Indigenous Peoples, and Jews. He h;;0
Justice For Jesse Romero Centro Cso Black Lives Matter;;0
John Davis- lynched today in 1902 in Lewisburg Tennessee Black Lives Matter;;0
ENOUGH ALREADY!!! Black Lives Matter Black securithank you guard subdued gunman and gets killed by police;;0
I learned something new last night justifying itstrumpsfault obamawasbetter ikneelwithkaep vote kavanagh Hearings;;0
SCHOOL OF PAIN- Our special report on bullying is now live. Our hearts brother for these beautiful children. This link h;;0
Bullying Prevention Month Bullying Teachers back School Unite to end bullying in our schools. Reading and disc;;0